<?xml version="1.0"?>
<doc>
    <assembly>
        <name>ASE_Component I</name>
    </assembly>
    <members>
        <member name="T:ASE_Component_I.Circle">
            <summary>
            class to draw circle
            </summary>
        </member>
        <member name="M:ASE_Component_I.Circle.saved_values(System.Int32,System.Int32,System.Int32)">
            <summary>
            
            </summary>
            <param name="a">origin x- coordinate</param>
            <param name="b">origin y- coordinate</param>
            <param name="c">radius of circle</param>
        </member>
        <member name="T:ASE_Component_I.Form1">
            <summary>
            Form1 contains all the components like buttons
            panel text field and all
            </summary>
        </member>
        <member name="F:ASE_Component_I.Form1.XCoordinate">
            <summary>
            declaring the xcoordinate o
            </summary>
        </member>
        <member name="F:ASE_Component_I.Form1.YCoordinate">
            <summary>
            declaring the y coordinate 0
            </summary>
        </member>
        <member name="F:ASE_Component_I.Form1.d_shape">
            <summary>
            declaring the boolean value d_shape false
            </summary>
        </member>
        <member name="F:ASE_Component_I.Form1.b_load">
            <summary>
            declaring the boolean value b_load and bool_method false
            </summary>
        </member>
        <member name="F:ASE_Component_I.Form1.save">
            <summary>
            declaring the boolean value save false
            </summary>
        </member>
        <member name="F:ASE_Component_I.Form1.execute">
            <summary>
            declaring the boolean value execute false
            </summary>
        </member>
        <member name="F:ASE_Component_I.Form1.clear_bool">
            <summary>
            declaring the boolean value clear_bool false
            </summary>
        </member>
        <member name="F:ASE_Component_I.Form1.b_reset">
            <summary>
            declaring the boolean value b_reset false
            </summary>
        </member>
        <member name="F:ASE_Component_I.Form1.l_Counter">
            <summary>
            declaring the line counter 1
            </summary>
        </member>
        <member name="F:ASE_Component_I.Form1.LN_Counter">
            <summary>
            declaring the int LN_Counter for loop
            </summary>
        </member>
        <member name="F:ASE_Component_I.Form1.count_if">
            <summary>
            declaring the line counter in if statement
            </summary>
        </member>
        <member name="F:ASE_Component_I.Form1.data_dictionary">
            <summary>
            creating the data dictionary
            </summary>
        </member>
        <member name="M:ASE_Component_I.Form1.#ctor">
            <summary>
            creating the form1 method
            </summary>
        </member>
        <member name="M:ASE_Component_I.Form1.pentomove(System.Int32,System.Int32)">
            <summary>
            this methods takes two parameters x and y which when given values
            acts as another origin which is taken refrence for any drawing of
            Command_Line formerly the values of x and y are (0,0) 
            </summary>
            <param name="x">x co ordinate of origin</param>
            <param name="y">y co ordinate of origin</param>
        </member>
        <member name="M:ASE_Component_I.Form1.m_variable(System.String[])">
            <summary>
            new variable multi command is created in a array. 
            input is taken in this variable and compared to other command
            </summary>
            <param name="multi_comand"></param>
        </member>
        <member name="M:ASE_Component_I.Form1.pentodraw(System.Int32,System.Int32)">
            <summary>
            method to d_shape a line from (XCoordinate,YCoordinate) to 
            given points (a,b)
            </summary>
            <param name="a"></param>
            <param name="b"></param>
        </member>
        <member name="M:ASE_Component_I.Form1.checkCommand(System.String)">
            <summary>
            takes every line of the command and checks for the shape names 
            if it is in array Command_Line.
            </summary>
            <param name="line">line of command stored after each loop </param>
            <returns></returns>
        </member>
        <member name="M:ASE_Component_I.Form1.button2_Click(System.Object,System.EventArgs)">
             <summary>
            methods which becomes active as soon as Execute button is pressed. 
             </summary>
             <param name="sender"></param>
             <param name="e"></param>
        </member>
        <member name="M:ASE_Component_I.Form1.caseRun(System.String)">
            <summary>
            line case is created
            </summary>
            <param name="line"></param>
            <returns></returns>
        </member>
        <member name="M:ASE_Component_I.Form1.checkLoop(System.String)">
            <summary>
             checking the first syntax of command
            </summary>
            <param name="b_line"></param>
            <returns></returns>
        </member>
        <member name="M:ASE_Component_I.Form1.getIfParameter(System.String)">
            <summary>
            checking the if condition
            </summary>
            <param name="if_val1"></param>
            <returns></returns>
        </member>
        <member name="M:ASE_Component_I.Form1.checkVariableOperation(System.String)">
            <summary>
            checking the increment or decrement
            </summary>
            <param name="chk_cmnd"></param>
            <returns></returns>
        </member>
        <member name="M:ASE_Component_I.Form1.getParameter(System.String)">
            <summary>
            parameter checking
            </summary>
            <param name="g_par"></param>
            <returns></returns>
        </member>
        <member name="M:ASE_Component_I.Form1.checkIfElse(System.String)">
            <summary>
            checking the wither first value is start from if or not
            </summary>
            <param name="check_varA"></param>
            <returns></returns>
        </member>
        <member name="M:ASE_Component_I.Form1.checkMethod(System.String)">
            <summary>
            checking the first value of method and returning the true or false
            </summary>
            <param name="chk_cmndA"></param>
            <returns></returns>
        </member>
        <member name="M:ASE_Component_I.Form1.checkVariableDec(System.String)">
            <summary>
            multi line command checking the first value to run all command
            if, method and loop
            </summary>
            <param name="chk_varDes"></param>
            <returns></returns>
        </member>
        <member name="M:ASE_Component_I.Form1.withVariable(System.String[])">
            <summary>
            adding the parameter after the braces
            </summary>
            <param name="w_VarA"></param>
            <returns></returns>
        </member>
        <member name="M:ASE_Component_I.Form1.runShape(System.String[],System.String)">
            <summary>
            
            </summary>
            <param name="multi_comand"></param>
            <param name="line"></param>
            <returns></returns>
        </member>
        <member name="M:ASE_Component_I.Form1.clear">
            <summary>
            this method is trigerred when clear button is clicked.
            this clears text box as well as panel where drawing is 
            drawn
            </summary>
        </member>
        <member name="M:ASE_Component_I.Form1.reset">
            <summary>
            this button reset the point of reference or origin to (0,0)
            </summary>
        </member>
        <member name="M:ASE_Component_I.Form1.rectangle_draw(System.Int32,System.Int32,System.Int32,System.Int32)">
            <summary>
            the a and b is assigned as point of origin which is given (0,0)
            at first which can replaced using moveto command. the c and d is 
            given for the width and height of the rectangle. this method is to d_shape 
            rectangle.
            </summary>
            <param name="a">x co ordinate of origin</param>
            <param name="b">y co ordinate of origin</param>
            <param name="c">width of the rectangle</param>
            <param name="d">height of the rectangle</param>
        </member>
        <member name="M:ASE_Component_I.Form1.circle_draw(System.Int32,System.Int32,System.Int32)">
            <summary>
            the a and b is assigned as point of origin which is given (0,0)
            at first which can replaced using moveto command. the c is given to
            radius of circle.this is to d_shape circle
            </summary>
            <param name="a">x co ordinate of origin</param>
            <param name="b">y co ordinate of origin</param>
            <param name="c">radius of circle</param>
        </member>
        <member name="M:ASE_Component_I.Form1.triangle_draw(System.Int32,System.Int32,System.Int32,System.Int32)">
            <summary>
            the a and b is assigned as point of origin which is given (0,0)
            at first which can replaced using moveto command. the c and d is 
            given for the base and hypotenuse of the triangle. this method is to d_shape 
            triangle.
            </summary>
            <param name="a"></param>
            <param name="b"></param>
            <param name="c"></param>
            <param name="d"></param>
        </member>
        <member name="M:ASE_Component_I.Form1.button1_Click(System.Object,System.EventArgs)">
            <summary>
            triggered when reset button is clicked
            </summary>
            <param name="sender"></param>
            <param name="e"></param>
        </member>
        <member name="M:ASE_Component_I.Form1.button3_Click(System.Object,System.EventArgs)">
            <summary>
            triggered when clear button is clicked
            </summary>
            <param name="sender"></param>
            <param name="e"></param>
        </member>
        <member name="M:ASE_Component_I.Form1.loadToolStripMenuItem_Click(System.Object,System.EventArgs)">
            <summary>
            method to b_load a file which is created and saved before.
            </summary>
            <param name="sender">where event came from</param>
            <param name="e">what is in the event</param>
        </member>
        <member name="M:ASE_Component_I.Form1.saveToolStripMenuItem_Click(System.Object,System.EventArgs)">
            <summary>
            to save the file written in coding text box to the given drive with
            the given name
            </summary>
            <param name="sender"></param>
            <param name="e"></param>
        </member>
        <member name="M:ASE_Component_I.Form1.exitToolStripMenuItem_Click(System.Object,System.EventArgs)">
            <summary>
            trigerrred when exit button is clicked
            </summary>
            <param name="sender"></param>
            <param name="e"></param>
        </member>
        <member name="M:ASE_Component_I.Form1.textBox2_TextChanged(System.Object,System.EventArgs)">
            <summary>
            trigerrred when about button is clicked
            </summary>
            <param name="sender"></param>
            <param name="e"></param>
        </member>
        <member name="F:ASE_Component_I.Form1.components">
            <summary>
            Required designer variable.
            </summary>
        </member>
        <member name="M:ASE_Component_I.Form1.Dispose(System.Boolean)">
            <summary>
            Clean up any resources being used.
            </summary>
            <param name="disposing">true if managed resources should be disposed; otherwise, false.</param>
        </member>
        <member name="M:ASE_Component_I.Form1.InitializeComponent">
            <summary>
            Required method for Designer support - do not modify
            the contents of this method with the code editor.
            </summary>
        </member>
        <member name="M:ASE_Component_I.Program.Main">
            <summary>
            The main entry point for the application.
            </summary>
        </member>
        <member name="T:ASE_Component_I.Properties.Resources">
            <summary>
              A strongly-typed resource class, for looking up localized strings, etc.
            </summary>
        </member>
        <member name="P:ASE_Component_I.Properties.Resources.ResourceManager">
            <summary>
              Returns the cached ResourceManager instance used by this class.
            </summary>
        </member>
        <member name="P:ASE_Component_I.Properties.Resources.Culture">
            <summary>
              Overrides the current thread's CurrentUICulture property for all
              resource lookups using this strongly typed resource class.
            </summary>
        </member>
        <member name="P:ASE_Component_I.Properties.Resources.icons8_exit_40">
            <summary>
              Looks up a localized resource of type System.Drawing.Bitmap.
            </summary>
        </member>
        <member name="P:ASE_Component_I.Properties.Resources.icons8_import_30">
            <summary>
              Looks up a localized resource of type System.Drawing.Bitmap.
            </summary>
        </member>
        <member name="P:ASE_Component_I.Properties.Resources.icons8_save_16">
            <summary>
              Looks up a localized resource of type System.Drawing.Bitmap.
            </summary>
        </member>
        <member name="P:ASE_Component_I.Properties.Resources.icons8_view_details_100">
            <summary>
              Looks up a localized resource of type System.Drawing.Bitmap.
            </summary>
        </member>
        <member name="P:ASE_Component_I.Properties.Resources.icons8_view_details_40">
            <summary>
              Looks up a localized resource of type System.Drawing.Bitmap.
            </summary>
        </member>
        <member name="T:ASE_Component_I.Rectangle">
            <summary>
            class to draw Rectangle
            </summary>
        </member>
        <member name="M:ASE_Component_I.Rectangle.saved_values(System.Int32,System.Int32,System.Int32,System.Int32)">
            <summary>
            
            </summary>
            <param name="a">origin x- coordinate</param>
            <param name="b">origin y- corordinate</param>
            <param name="c">width of the rectangle</param>
            <param name="d">height of the rectangle</param>
        </member>
        <member name="M:ASE_Component_I.Rectangle.Draw_shape(System.Drawing.Graphics)">
            <summary>
            overriding
            </summary>
            <param name="gp">object for graphics</param>
        </member>
        <member name="T:ASE_Component_I.Shape">
            <summary>
            parent class for all the shapes and drawing
            </summary>
        </member>
        <member name="M:ASE_Component_I.Shape.Draw_shape(System.Drawing.Graphics)">
            <summary>
            method for overriding
            </summary>
            <param name="g">object for Graphics</param>
        </member>
    </members>
</doc>
