<?xml version="1.0"?>
<doc>
    <assembly>
        <name>ASE_Component I</name>
    </assembly>
    <members>
        <member name="T:ASE_Component_I.Circle">
            <summary>
            intializing the value to draw circle
            </summary>
        </member>
        <member name="M:ASE_Component_I.Circle.Draw_shape(System.Drawing.Graphics)">
            <summary>
            drawing circle
            </summary>
            <param name="g"></param>
        </member>
        <member name="T:ASE_Component_I.Form1">
            <summary>
            intializing the origin
            </summary>
        </member>
        <member name="M:ASE_Component_I.Form1.pentomove(System.Int32,System.Int32)">
            <summary>
            providing the parameter in x and y axis
            </summary>
            <param name="x"></param>
            <param name="y"></param>
        </member>
        <member name="M:ASE_Component_I.Form1.pentodraw(System.Int32,System.Int32)">
            <summary>
            declaring variable to draw the line
            </summary>
            <param name="varA"></param>
            <param name="varB"></param>
        </member>
        <member name="M:ASE_Component_I.Form1.button2_Click(System.Object,System.EventArgs)">
            <summary>
            action listner in button to pass the parameter
            </summary>
            <param name="sender"></param>
            <param name="e"></param>
        </member>
        <member name="M:ASE_Component_I.Form1.clear">
            <summary>
            clear in clear button
            </summary>
        </member>
        <member name="M:ASE_Component_I.Form1.reset">
            <summary>
            reset the coordinate to origin
            </summary>
        </member>
        <member name="M:ASE_Component_I.Form1.rectangle_draw(System.Int32,System.Int32,System.Int32,System.Int32)">
            <summary>
            giving the length of rectangle
            </summary>
            <param name="pointa"></param>
            <param name="pointb"></param>
            <param name="pointc"></param>
            <param name="pointd"></param>
        </member>
        <member name="M:ASE_Component_I.Form1.triangle_draw(System.Int32,System.Int32,System.Int32,System.Int32)">
            <summary>
            passing the value of triangle
            </summary>
            <param name="x"></param>
            <param name="y"></param>
            <param name="z"></param>
            <param name="w"></param>
        </member>
        <member name="M:ASE_Component_I.Form1.circle_draw(System.Int32,System.Int32,System.Int32)">
            <summary>
            giving the point of circle
            </summary>
            <param name="pointa"></param>
            <param name="pointb"></param>
            <param name="pointc"></param>
        </member>
        <member name="M:ASE_Component_I.Form1.button1_Click(System.Object,System.EventArgs)">
            <summary>
            reseting reset button
            </summary>
            <param name="sender"></param>
            <param name="e"></param>
        </member>
        <member name="M:ASE_Component_I.Form1.button3_Click(System.Object,System.EventArgs)">
            <summary>
            clear button
            </summary>
            <param name="sender"></param>
            <param name="e"></param>
        </member>
        <member name="M:ASE_Component_I.Form1.loadToolStripMenuItem_Click(System.Object,System.EventArgs)">
            <summary>
            load button to load the file
            </summary>
            <param name="sender"></param>
            <param name="e"></param>
        </member>
        <member name="M:ASE_Component_I.Form1.saveToolStripMenuItem_Click(System.Object,System.EventArgs)">
            <summary>
            save button while pressing the save
            </summary>
            <param name="sender"></param>
            <param name="e"></param>
        </member>
        <member name="F:ASE_Component_I.Form1.components">
            <summary>
            Required designer variable.
            </summary>
        </member>
        <member name="M:ASE_Component_I.Form1.Dispose(System.Boolean)">
            <summary>
            Clean up any resources being used.
            </summary>
            <param name="disposing">true if managed resources should be disposed; otherwise, false.</param>
        </member>
        <member name="M:ASE_Component_I.Form1.InitializeComponent">
            <summary>
            Required method for Designer support - do not modify
            the contents of this method with the code editor.
            </summary>
        </member>
        <member name="M:ASE_Component_I.Program.Main">
            <summary>
            The main entry point for the application.
            </summary>
        </member>
        <member name="T:ASE_Component_I.Rectangle">
            <summary>
            value intializing to draw the rectangle
            </summary>
        </member>
        <member name="M:ASE_Component_I.Rectangle.Draw_shape(System.Drawing.Graphics)">
            <summary>
            drawing the rectangle
            </summary>
            <param name="g"></param>
        </member>
        <member name="F:ASE_Component_I.Triangle.val1">
            <summary>
            passing the value to the triangle
            </summary>
        </member>
        <member name="F:ASE_Component_I.Triangle.val2">
            <summary>
            passing the value to the triangle
            </summary>
        </member>
        <member name="F:ASE_Component_I.Triangle.bas">
            <summary>
            passing the value to the triangle
            </summary>
        </member>
        <member name="F:ASE_Component_I.Triangle.perp">
            <summary>
            passing the value to the triangle
            </summary>
        </member>
        <member name="F:ASE_Component_I.Triangle.hypt">
            <summary>
            passing the value to the triangle
            </summary>
        </member>
        <member name="M:ASE_Component_I.Triangle.saved_values(System.Int32,System.Int32,System.Int32,System.Int32)">
            <summary>
            
            </summary>
            <param name="x"></param>
            <param name="y"></param>
            <param name="z"></param>
            <param name="w"></param>
        </member>
        <member name="M:ASE_Component_I.Triangle.Draw_shape(System.Drawing.Graphics)">
            <summary>
            passing the valure to draw
            </summary>
            <param name="g"></param>
        </member>
        <member name="T:ASE_Component_I.Properties.Resources">
            <summary>
              A strongly-typed resource class, for looking up localized strings, etc.
            </summary>
        </member>
        <member name="P:ASE_Component_I.Properties.Resources.ResourceManager">
            <summary>
              Returns the cached ResourceManager instance used by this class.
            </summary>
        </member>
        <member name="P:ASE_Component_I.Properties.Resources.Culture">
            <summary>
              Overrides the current thread's CurrentUICulture property for all
              resource lookups using this strongly typed resource class.
            </summary>
        </member>
    </members>
</doc>
